foobar@lakeheadu.ca,foobar
johndoe@lakeheadu.ca,johndoe
ahameed1@lakeheadu.ca,qwerty
brock@lakeheadu.ca,brock
imirza@lakeheadu.ca,imirza
bcrisp@lakeheadu.ca,bcrisp
akilan@lakeheadu.ca,akilan
bansi@lakeheadu.ca,bansi
hnaser@lakeheadu.ca,hnaser
hnaser@lakeheadu.ca,hnaser
hnaser@lakeheadu.ca,hnaser
hnaser@lakeheadu.ca,hnaser
hnaser@lakeheadu.ca,hnaser
hnaser@lakeheadu.ca,hnaser
hnaser@lakeheadu.ca,hnaser
